Sub Category,Results
All,18 of 519 Results
All Activities,18 of 47 Results
Cat Skiing & Helicopter Skiing,7 of 7 Results
Entertainment,6 of 6 Results
Family and Kids,17 of 17 Results
House / Cabin,1 of 1 Results
Interconnect Tour / Backcountry Guides,7 of 7 Results
Nordic / Cross Country,5 of 5 Results
Skiing / Snowboarding,5 of 5 Results
Snowmobile Outfitters,6 of 6 Results
Spa / Wellness,2 of 2 Results
Summer Activities,16 of 16 Results
All Transportation,18 of 21 Results
Group Shuttles,5 of 5 Results
Private Car Hire / VIP,4 of 4 Results
Public Transportation,2 of 2 Results
Shuttles / VIP,4 of 4 Results
Taxi,2 of 2 Results
Vehicle Rental,9 of 9 Results
Reservation Experts,11 of 11 Results
All Food and Drink,18 of 80 Results
Bar,18 of 20 Results
Brewery / Brew Pub,6 of 6 Results
Casual,18 of 46 Results
Fine Dining,16 of 16 Results
On-Mountain,18 of 53 Results
Wine Bar,6 of 6 Results
All Outdoor Shops & Gear,18 of 72 Results
Apparel,18 of 47 Results
Custom Boot Fitting,18 of 19 Results
Delivery Service,9 of 9 Results
Ski & Snowboard Rentals,18 of 55  Results
Tuning,18 of 46 Results
All Ski School,18 of 41 Results
Clinics,18 of 25 Results
Kids,18 of 34 Results
Ladies,7 of 7 Results
Multi-Day Camps,18 of 20 Results
Private,11 of 11 Results
Speciality / Adaptive,6 of 6 Results
Terrain Park / Pipe / Tricks,6 of 6 Results
Resort,14 of 14 Results
Sponsor,1 of 1 Results
All Lodging,18 of 129 Results
Bed and Breakfast,2 of 2 Results
Condo,18 of 44 Results
Hotel / Motel,18 of 79 Results
House / Cabin,18 of 36 Results
Property Management Company,18 of 26 Results
Ski Resort,18 of 519 Results
Travel Packages,4 of 4 Results
All Resources,18 of 98 Results
Bank,4 of 4 Results
Child Care,2 of 2 Results
Convention and Visitors Bureau,3 of 3 Results
Hospitals,1 of 1 Results
Law Offices,8 of 8 Results
Real Estate,12 of 12 Results